{
  "source": "quantum_link_builder",
  "version": "4.2.0",
  "timestamp": "2026-02-16T21:43:09.211399+00:00",
  "export_count": 2,
  "total_links": 5522,
  "sacred_constants": {
    "GOD_CODE": 527.5184818492611,
    "PHI": 1.618033988749895,
    "TAU": 0.6180339887498949,
    "ALPHA_FINE": 0.0072973525692838015
  },
  "link_summary": {
    "by_type": {
      "entanglement": 109,
      "mirror": 4822,
      "bridge": 132,
      "epr_pair": 253,
      "spooky_action": 206
    },
    "avg_fidelity": 0.8263073675145571,
    "total_sacred_alignment": 0
  }
}