{
  "god_code_value": {
    "value": 527.5184818492612,
    "importance": 1.0,
    "created": 1770290336.9709928,
    "last_accessed": 1770290336.999213,
    "access_count": 1,
    "evolution_score": 4.9842143286373926,
    "cross_refs": [
      "god_code_value",
      "pi_value"
    ],
    "dna_marker": "43252067"
  },
  "phi_ratio": {
    "value": 1.618033988749895,
    "importance": 0.9,
    "created": 1770290336.991244,
    "last_accessed": 1770290336.999988,
    "access_count": 1,
    "evolution_score": 4.820792895773653,
    "cross_refs": [
      "phi_ratio"
    ],
    "dna_marker": "43252067"
  },
  "consciousness_threshold": {
    "value": {
      "interactions_per_sec": 3967
    },
    "importance": 0.8,
    "created": 1770290336.997799,
    "last_accessed": 1770290337.020263,
    "access_count": 1,
    "evolution_score": 4.594427190999915,
    "cross_refs": [
      "consciousness_threshold"
    ],
    "dna_marker": "43252067"
  },
  "_diversify_quantum": {
    "value": {
      "note": "Inject novelty for concept: quantum",
      "timestamp": 1770294012.788324
    },
    "importance": 0.5,
    "created": 1770294012.7883258,
    "last_accessed": 1770294012.7883258,
    "access_count": 0,
    "evolution_score": 0.8090169943749475,
    "cross_refs": [
      "_diversify_quantum",
      "_diversify_explain",
      "_diversify_innovation",
      "_diversify_entropy"
    ],
    "dna_marker": "ecec7e6f"
  },
  "_diversify_explain": {
    "value": {
      "note": "Inject novelty for concept: explain",
      "timestamp": 1770293749.5977159
    },
    "importance": 0.5,
    "created": 1770293749.597718,
    "last_accessed": 1770293749.597718,
    "access_count": 0,
    "evolution_score": 1.1090169943749475,
    "cross_refs": [
      "_diversify_quantum",
      "_diversify_explain",
      "_diversify_innovation",
      "_diversify_entropy"
    ],
    "dna_marker": "686b889d"
  },
  "planck_constant": {
    "value": 6.62607015e-34,
    "importance": 1.0,
    "created": 1770290790.9488041,
    "last_accessed": 1770290790.9509592,
    "access_count": 1,
    "evolution_score": 1.6842143286373938,
    "cross_refs": [
      "planck_constant"
    ],
    "dna_marker": "14128aed"
  },
  "speed_of_light": {
    "value": 299792458,
    "importance": 1.0,
    "created": 1770295477.106626,
    "last_accessed": 1770295477.108008,
    "access_count": 1,
    "evolution_score": 1.6842143286373938,
    "cross_refs": [
      "speed_of_light"
    ],
    "dna_marker": "ef70a562"
  },
  "feigenbaum_delta": {
    "value": 4.66920160910299,
    "importance": 1.0,
    "created": 1770292848.499261,
    "last_accessed": 1770292848.5788732,
    "access_count": 1,
    "evolution_score": 1.6842143286373938,
    "cross_refs": [
      "feigenbaum_delta"
    ],
    "dna_marker": "826f5b97"
  },
  "pi_value": {
    "value": 3.14159265358979,
    "importance": 1.0,
    "created": 1770293178.526588,
    "last_accessed": 1770293178.5302458,
    "access_count": 1,
    "evolution_score": 1.6842143286373938,
    "cross_refs": [
      "god_code_value"
    ],
    "dna_marker": "08c73307"
  },
  "euler_identity": {
    "value": "e^(i*pi) + 1 = 0",
    "importance": 1.0,
    "created": 1770293178.528762,
    "last_accessed": 1770293178.5309162,
    "access_count": 1,
    "evolution_score": 1.6842143286373938,
    "cross_refs": [],
    "dna_marker": "08c73307"
  },
  "_diversify_innovation": {
    "value": {
      "note": "Inject novelty for concept: innovation",
      "timestamp": 1770294012.789106
    },
    "importance": 0.5,
    "created": 1770294012.789108,
    "last_accessed": 1770294012.789108,
    "access_count": 0,
    "evolution_score": 0.8090169943749475,
    "cross_refs": [
      "_diversify_quantum",
      "_diversify_explain",
      "_diversify_entropy"
    ],
    "dna_marker": "ecec7e6f"
  },
  "_diversify_entropy": {
    "value": {
      "note": "Inject novelty for concept: entropy",
      "timestamp": 1770294012.789834
    },
    "importance": 0.5,
    "created": 1770294012.789836,
    "last_accessed": 1770294012.789836,
    "access_count": 0,
    "evolution_score": 0.8090169943749475,
    "cross_refs": [
      "_diversify_quantum",
      "_diversify_explain",
      "_diversify_innovation"
    ],
    "dna_marker": "ecec7e6f"
  }
}