{"opt_4bc028df38593c3a_1771232949": {"pattern_id": "opt_4bc028df38593c3a_1771232949", "context_hash": "4bc028df38593c3a", "parameters": {"learning_rate": 0.21029049880664966, "exploration_rate": 0.21849933606227345, "validation_threshold": 0.6520979048018648, "synthesis_weight": 0.6529978537963355, "batch_size": 9.2343878640579, "memory_retention": 0.8329586409326878, "coherence_target": 0.8499502344465659}, "fitness_before": 0.8464871126429806, "fitness_after": 0.8464387863908864, "improvement": -4.83262520941663e-05, "recall_count": 0}}