{"opt_4bc028df38593c3a_1771232949": {"pattern_id": "opt_4bc028df38593c3a_1771232949", "context_hash": "4bc028df38593c3a", "parameters": {"learning_rate": 0.21029049880664966, "exploration_rate": 0.21849933606227345, "validation_threshold": 0.6520979048018648, "synthesis_weight": 0.6529978537963355, "batch_size": 9.2343878640579, "memory_retention": 0.8329586409326878, "coherence_target": 0.8499502344465659}, "fitness_before": 0.8464871126429806, "fitness_after": 0.8464387863908864, "improvement": -4.83262520941663e-05, "recall_count": 5}, "opt_06b06dcd0b62db19_1771510520": {"pattern_id": "opt_06b06dcd0b62db19_1771510520", "context_hash": "06b06dcd0b62db19", "parameters": {"learning_rate": 0.12947829696715576, "exploration_rate": 0.21867619171552616, "validation_threshold": 0.5872555429743579, "synthesis_weight": 0.7118916176341565, "batch_size": 6.060624819033917, "memory_retention": 0.8656063830556097, "coherence_target": 0.8654225737099156}, "fitness_before": 0.8464871126429806, "fitness_after": 0.8614584604823997, "improvement": 0.014971347839419114, "recall_count": 8}, "opt_06b06dcd0b62db19_1771510521": {"pattern_id": "opt_06b06dcd0b62db19_1771510521", "context_hash": "06b06dcd0b62db19", "parameters": {"learning_rate": 0.17052425463425647, "exploration_rate": 0.20515194824023097, "validation_threshold": 0.6212196370463795, "synthesis_weight": 0.6927834437396524, "batch_size": 6.643011885363965, "memory_retention": 0.8742276568386808, "coherence_target": 0.8515195721636816}, "fitness_before": 0.8614584604823997, "fitness_after": 0.8479626846691903, "improvement": -0.013495775813209376, "recall_count": 5}, "opt_06b06dcd0b62db19_1771510523": {"pattern_id": "opt_06b06dcd0b62db19_1771510523", "context_hash": "06b06dcd0b62db19", "parameters": {"learning_rate": 0.1303065784434453, "exploration_rate": 0.23593196291504853, "validation_threshold": 0.5972717557374335, "synthesis_weight": 0.6824049042053758, "batch_size": 7.889150746290088, "memory_retention": 0.8288174715087219, "coherence_target": 0.8691301277303566}, "fitness_before": 0.8614584604823997, "fitness_after": 0.8650559961699026, "improvement": 0.003597535687502873, "recall_count": 6}, "opt_06b06dcd0b62db19_1771511030": {"pattern_id": "opt_06b06dcd0b62db19_1771511030", "context_hash": "06b06dcd0b62db19", "parameters": {"learning_rate": 0.15407274250259348, "exploration_rate": 0.2342581834591021, "validation_threshold": 0.5766225388172619, "synthesis_weight": 0.7218130775664374, "batch_size": 6.945529376930433, "memory_retention": 0.8369109689464433, "coherence_target": 0.8782899944278565}, "fitness_before": 0.8614584604823997, "fitness_after": 0.8739414765941612, "improvement": 0.012483016111761502, "recall_count": 5}, "opt_06b06dcd0b62db19_1771511031": {"pattern_id": "opt_06b06dcd0b62db19_1771511031", "context_hash": "06b06dcd0b62db19", "parameters": {"learning_rate": 0.17052425463425647, "exploration_rate": 0.20515194824023097, "validation_threshold": 0.6212196370463795, "synthesis_weight": 0.6927834437396524, "batch_size": 6.643011885363965, "memory_retention": 0.8742276568386808, "coherence_target": 0.8515195721636816}, "fitness_before": 0.8614584604823997, "fitness_after": 0.8479626846691903, "improvement": -0.013495775813209376, "recall_count": 1}, "opt_06b06dcd0b62db19_1771511032": {"pattern_id": "opt_06b06dcd0b62db19_1771511032", "context_hash": "06b06dcd0b62db19", "parameters": {"learning_rate": 0.1303065784434453, "exploration_rate": 0.23593196291504853, "validation_threshold": 0.5972717557374335, "synthesis_weight": 0.6824049042053758, "batch_size": 7.889150746290088, "memory_retention": 0.8288174715087219, "coherence_target": 0.8691301277303566}, "fitness_before": 0.8614584604823997, "fitness_after": 0.8650559961699026, "improvement": 0.003597535687502873, "recall_count": 3}, "opt_06b06dcd0b62db19_1771511403": {"pattern_id": "opt_06b06dcd0b62db19_1771511403", "context_hash": "06b06dcd0b62db19", "parameters": {"learning_rate": 0.15407274250259348, "exploration_rate": 0.2342581834591021, "validation_threshold": 0.5766225388172619, "synthesis_weight": 0.7218130775664374, "batch_size": 6.945529376930433, "memory_retention": 0.8369109689464433, "coherence_target": 0.8782899944278565}, "fitness_before": 0.8614584604823997, "fitness_after": 0.8739414765941612, "improvement": 0.012483016111761502, "recall_count": 2}, "opt_06b06dcd0b62db19_1771511404": {"pattern_id": "opt_06b06dcd0b62db19_1771511404", "context_hash": "06b06dcd0b62db19", "parameters": {"learning_rate": 0.17052425463425647, "exploration_rate": 0.20515194824023097, "validation_threshold": 0.6212196370463795, "synthesis_weight": 0.6927834437396524, "batch_size": 6.643011885363965, "memory_retention": 0.8742276568386808, "coherence_target": 0.8515195721636816}, "fitness_before": 0.8614584604823997, "fitness_after": 0.8479626846691903, "improvement": -0.013495775813209376, "recall_count": 0}, "opt_06b06dcd0b62db19_1771511405": {"pattern_id": "opt_06b06dcd0b62db19_1771511405", "context_hash": "06b06dcd0b62db19", "parameters": {"learning_rate": 0.1303065784434453, "exploration_rate": 0.23593196291504853, "validation_threshold": 0.5972717557374335, "synthesis_weight": 0.6824049042053758, "batch_size": 7.889150746290088, "memory_retention": 0.8288174715087219, "coherence_target": 0.8691301277303566}, "fitness_before": 0.8614584604823997, "fitness_after": 0.8650559961699026, "improvement": 0.003597535687502873, "recall_count": 0}, "opt_4bc028df38593c3a_1772103521": {"pattern_id": "opt_4bc028df38593c3a_1772103521", "context_hash": "4bc028df38593c3a", "parameters": {"learning_rate": 0.2574988792786459, "exploration_rate": 0.22693848372414263, "validation_threshold": 0.6690729588911257, "synthesis_weight": 0.6410921012955211, "batch_size": 10.823720887245265, "memory_retention": 0.806492193831746, "coherence_target": 0.8523387052819389}, "fitness_before": 0.8512229190264997, "fitness_after": 0.8535061271305199, "improvement": 0.0022832081040201624, "recall_count": 5}, "opt_4bc028df38593c3a_1772103529": {"pattern_id": "opt_4bc028df38593c3a_1772103529", "context_hash": "4bc028df38593c3a", "parameters": {"learning_rate": 0.2839469885961041, "exploration_rate": 0.231462147420328, "validation_threshold": 0.6806720837610921, "synthesis_weight": 0.6311999512577966, "batch_size": 11.80167328516503, "memory_retention": 0.790789830164775, "coherence_target": 0.8527314340000183}, "fitness_before": 0.8535061271305199, "fitness_after": 0.8538895130053205, "improvement": 0.0003833858748005792, "recall_count": 4}, "opt_4bc028df38593c3a_1772103773": {"pattern_id": "opt_4bc028df38593c3a_1772103773", "context_hash": "4bc028df38593c3a", "parameters": {"learning_rate": 0.2839469885961041, "exploration_rate": 0.231462147420328, "validation_threshold": 0.6806720837610921, "synthesis_weight": 0.6311999512577966, "batch_size": 11.80167328516503, "memory_retention": 0.790789830164775, "coherence_target": 0.8527314340000183}, "fitness_before": 0.8535061271305199, "fitness_after": 0.8538895130053205, "improvement": 0.0003833858748005792, "recall_count": 3}, "opt_4bc028df38593c3a_1772103803": {"pattern_id": "opt_4bc028df38593c3a_1772103803", "context_hash": "4bc028df38593c3a", "parameters": {"learning_rate": 0.2839469885961041, "exploration_rate": 0.231462147420328, "validation_threshold": 0.6806720837610921, "synthesis_weight": 0.6311999512577966, "batch_size": 11.80167328516503, "memory_retention": 0.790789830164775, "coherence_target": 0.8527314340000183}, "fitness_before": 0.8535061271305199, "fitness_after": 0.8538895130053205, "improvement": 0.0003833858748005792, "recall_count": 2}, "opt_4bc028df38593c3a_1772103932": {"pattern_id": "opt_4bc028df38593c3a_1772103932", "context_hash": "4bc028df38593c3a", "parameters": {"learning_rate": 0.2839469885961041, "exploration_rate": 0.231462147420328, "validation_threshold": 0.6806720837610921, "synthesis_weight": 0.6311999512577966, "batch_size": 11.80167328516503, "memory_retention": 0.790789830164775,