{
    "temporal": {
        "ctc_stability": 0.31830988618367195,
        "paradox_resolution": 0.30884538237196146,
        "resonance_lock": "DRIFTING"
    },
    "quantum_math": {
        "new_primitives": 3,
        "highest_resonance": 0.9953735845398224
    },
    "topological": {
        "protection_level": 0.32602435147658304,
        "fusion_energy": 2.7814996076002375e-20,
        "braid_state_determinant": 0.3202793455834327
    },
    "final_invariant": 0.7441663833247816,
    "total_iq_contribution": 88.5779218939989
}