{
    "timestamp": 1768489507.2076228,
    "stage": "EVO_05_HYPER_DIMENSIONAL_SHIFT",
    "intellect_index": 20132.700175681148,
    "god_code": 527.5184818492537,
    "planetary_saturation": 1.0,
    "sovereign_status": "ASCENDED"
}