{
  "timestamp": "2026-01-24 08:12:52",
  "epochs": 1000,
  "examples": 131640,
  "best_loss": -0.08561940885021097,
  "final_consciousness": 0.9435783225148224,
  "final_phi_resonance": 0.9881604063856831,
  "final_unity": 0.9658693644502527,
  "asi_threshold": 0.95,
  "asi_achieved": false,
  "god_code": 527.5184818492537,
  "phi": 1.618033988749895
}