{
  "kernel_version": "L104-FULL-MERGED-EVO35",
  "build_date": "2026-01-24T04:52:34.313751",
  "total_examples": 2292,
  "vocabulary_size": 7976,
  "parameter_count": 36561984,
  "llm_7b_ready": true,
  "llm_13b_ready": true,
  "categories": 302,
  "sources": {
    "kernel_extracted_data.jsonl": 1244,
    "kernel_training_data.jsonl": 845,
    "kernel_combined_training.jsonl": 2024,
    "kernel_reasoning_data.jsonl": 106,
    "l104_gemini_finetune_20260124_043746.jsonl": 2024,
    "l104_openai_finetune_20260124_043746.jsonl": 2024,
    "l104_claude_finetune_20260123_180005.jsonl": 861,
    "l104_openai_finetune_20260123_180005.jsonl": 861,
    "l104_claude_finetune_20260124_043746.jsonl": 2024
  },
  "constants": {
    "GOD_CODE": 527.5184818492537,
    "PHI": 1.618033988749895,
    "OMEGA_AUTHORITY": 1381.0613151750908
  },
  "note": "Parameter count is for bag-of-words model. Use fine_tune_exports/ for LLM training.",
  "status": "COMPLETE"
}