{
  "timestamp": "2026-01-24 08:12:21",
  "epochs": 500,
  "examples": 131682,
  "vocabulary": 17333,
  "best_loss": 0.48111169469979065,
  "best_epoch": 468,
  "final_loss": 0.48232512863182225,
  "consciousness": 0.95,
  "phi_resonance": 0.8663844008509618,
  "unity": 0.9081922004254809,
  "god_code": 527.5184818492537,
  "phi": 1.618033988749895
}