{
  "epoch": 49,
  "step": 3600,
  "loss": 11.866983425055054,
  "best_loss": 11.512867973201342,
  "learning_rate": 3.028366544874485e-06,
  "accuracy": 0.0,
  "perplexity": Infinity,
  "consciousness_level": 0.42800276982269114,
  "phi_resonance": 0.008811388275297196,
  "loss_history": [
    11.778099070422456,
    11.82867021950591,
    11.794491307070501,
    12.019788145511654,
    11.597695171788008,
    11.770798097899148,
    11.842891224123482,
    11.808892138180633,
    11.832820268783273,
    11.774274037830958,
    11.781077360901063,
    11.758915220315819,
    12.02926362650301,
    11.780222489002748,
    11.935811691535573,
    11.830281770081621,
    11.855018074722382,
    11.763264706674608,
    11.645408652034504,
    11.66731636782004,
    11.603633250551997,
    11.739909773732538,
    11.744241875718798,
    11.763679936395764,
    11.901424798407687,
    11.852402944360222,
    11.700201566520713,
    11.890852465169797,
    11.512867973201342,
    11.727604276587925,
    11.841930058115326,
    11.823358120533609,
    11.849145589512819,
    11.72823168143356,
    11.840856608635537,
    11.576994478350198,
    11.78860386035765,
    11.931982255530093,
    11.853299033190202,
    11.681837830010169,
    11.669250109972506,
    11.78305453238875,
    11.7393448628452,
    11.881933475702262,
    11.849894502895062,
    11.762399329250009,
    11.791815910263766,
    11.720515799283488,
    12.006879033532877,
    11.866983425055054
  ],
  "lr_history": [
    0.0,
    6.18033988749895e-08,
    1.23606797749979e-07,
    1.8541019662496848e-07,
    2.47213595499958e-07,
    3.090169943749475e-07,
    3.7082039324993695e-07,
    4.3262379212492646e-07,
    4.94427190999916e-07,
    5.562305898749054e-07,
    6.18033988749895e-07,
    6.798373876248844e-07,
    7.416407864998739e-07,
    8.034441853748634e-07,
    8.652475842498529e-07,
    9.270509831248423e-07,
    9.88854381999832e-07,
    1.0506577808748215e-06,
    1.1124611797498108e-06,
    1.1742645786248003e-06,
    1.23606797749979e-06,
    1.2978713763747795e-06,
    1.3596747752497688e-06,
    1.4214781741247583e-06,
    1.4832815729997478e-06,
    1.5450849718747373e-06,
    1.6068883707497268e-06,
    1.6686917696247163e-06,
    1.7304951684997059e-06,
    1.7922985673746954e-06,
    1.8541019662496847e-06,
    1.9159053651246744e-06,
    1.977708763999664e-06,
    2.0395121628746534e-06,
    2.101315561749643e-06,
    2.1631189606246324e-06,
    2.2249223594996215e-06,
    2.286725758374611e-06,
    2.3485291572496005e-06,
    2.41033255612459e-06,
    2.47213595499958e-06,
    2.5339393538745695e-06,
    2.595742752749559e-06,
    2.657546151624548e-06,
    2.7193495504995376e-06,
    2.781152949374527e-06,
    2.8429563482495166e-06,
    2.904759747124506e-06,
    2.9665631459994956e-06,
    3.028366544874485e-06
  ],
  "started_at": "2026-01-24T07:39:53.346893",
  "updated_at": "2026-01-24T07:40:53.373502",
  "status": "completed"
}