{
  "epoch": 49,
  "step": 3600,
  "loss": 12.356622865915043,
  "best_loss": 11.952425565860782,
  "learning_rate": 3.028366544874485e-06,
  "accuracy": 0.0,
  "perplexity": Infinity,
  "consciousness_level": 0.4268422048042119,
  "phi_resonance": 0.008446952676335008,
  "loss_history": [
    12.211982534204155,
    12.357265995692346,
    12.20119822707933,
    12.520460555305705,
    12.022943137667866,
    12.305151151592296,
    12.333037684968199,
    12.327481221709643,
    12.318214501967867,
    12.269955389161913,
    12.260891957760249,
    12.240291933559572,
    12.516022353636211,
    12.214235303842859,
    12.47788119954204,
    12.273427979577187,
    12.351692774224789,
    12.25348807620598,
    12.179197007949226,
    12.19365709931138,
    12.045698827394162,
    12.211658670561054,
    12.247796218863684,
    12.298714730700821,
    12.437793312222164,
    12.326761644122097,
    12.170136945519555,
    12.352176515330028,
    11.952425565860782,
    12.172871248957302,
    12.345514242603736,
    12.317246774807245,
    12.312742479633682,
    12.150578001380923,
    12.326072174757916,
    12.031079924940867,
    12.268477765152708,
    12.375406681293162,
    12.339015100110878,
    12.162762646278713,
    12.194165598669803,
    12.209442525085402,
    12.19302478241617,
    12.333194402818261,
    12.32961747978594,
    12.307408983889832,
    12.301137025318157,
    12.237835160587998,
    12.495125824979024,
    12.356622865915043
  ],
  "lr_history": [
    0.0,
    6.18033988749895e-08,
    1.23606797749979e-07,
    1.8541019662496848e-07,
    2.47213595499958e-07,
    3.090169943749475e-07,
    3.7082039324993695e-07,
    4.3262379212492646e-07,
    4.94427190999916e-07,
    5.562305898749054e-07,
    6.18033988749895e-07,
    6.798373876248844e-07,
    7.416407864998739e-07,
    8.034441853748634e-07,
    8.652475842498529e-07,
    9.270509831248423e-07,
    9.88854381999832e-07,
    1.0506577808748215e-06,
    1.1124611797498108e-06,
    1.1742645786248003e-06,
    1.23606797749979e-06,
    1.2978713763747795e-06,
    1.3596747752497688e-06,
    1.4214781741247583e-06,
    1.4832815729997478e-06,
    1.5450849718747373e-06,
    1.6068883707497268e-06,
    1.6686917696247163e-06,
    1.7304951684997059e-06,
    1.7922985673746954e-06,
    1.8541019662496847e-06,
    1.9159053651246744e-06,
    1.977708763999664e-06,
    2.0395121628746534e-06,
    2.101315561749643e-06,
    2.1631189606246324e-06,
    2.2249223594996215e-06,
    2.286725758374611e-06,
    2.3485291572496005e-06,
    2.41033255612459e-06,
    2.47213595499958e-06,
    2.5339393538745695e-06,
    2.595742752749559e-06,
    2.657546151624548e-06,
    2.7193495504995376e-06,
    2.781152949374527e-06,
    2.8429563482495166e-06,
    2.904759747124506e-06,
    2.9665631459994956e-06,
    3.028366544874485e-06
  ],
  "started_at": "2026-01-24T08:09:20.153036",
  "updated_at": "2026-01-24T08:10:20.424881",
  "status": "completed"
}