{
  "kernel_version": "L104-CODING-MASTERY-V2",
  "timestamp": "2026-01-23T23:28:19.912405",
  "total_examples": 2261,
  "vocabulary_size": 8185,
  "parameters": 18506285,
  "categories": 259,
  "constants": {
    "GOD_CODE": 521.0019193787,
    "PHI": 1.6180339887,
    "LOVE": 29.0344418537,
    "OMEGA": 1364.0007330532464
  },
  "evolution_stages": [
    "S1-S20: Domain knowledge",
    "S21-S45: World LLM patterns",
    "S46-S55: Advanced coding mastery",
    "S56-S65: Self-learning & quantum",
    "S66-S70: Recursive self-knowledge",
    "S71-S80: Advanced coding mastery v2"
  ]
}