{
  "epoch": 49,
  "step": 3600,
  "loss": 11.67595946281924,
  "best_loss": 11.347014515442545,
  "learning_rate": 3.028366544874485e-06,
  "accuracy": 0.0,
  "perplexity": Infinity,
  "consciousness_level": 0.42848331317251853,
  "phi_resonance": 0.008962239462200814,
  "loss_history": [
    11.547123854170632,
    11.61478861451238,
    11.607639187282878,
    11.867300237138448,
    11.407300163873652,
    11.56544450159639,
    11.64948283336746,
    11.632600165066139,
    11.632722224710706,
    11.550623567593497,
    11.545885446130129,
    11.574771522683026,
    11.798876317700449,
    11.587064993494003,
    11.718021281466228,
    11.628946535191533,
    11.679096833777464,
    11.58135449481251,
    11.431174971119791,
    11.536050384007012,
    11.436164254757973,
    11.573358087508812,
    11.649016435847317,
    11.611837452760954,
    11.718016716980017,
    11.644640504173893,
    11.540641255408902,
    11.704904537190384,
    11.347014515442545,
    11.50394954328783,
    11.651380138771508,
    11.613031150876285,
    11.640976714820622,
    11.516454678461248,
    11.67236658974693,
    11.428816253563955,
    11.623884097335171,
    11.72902174173447,
    11.64692361975028,
    11.488192621508926,
    11.47092034745347,
    11.595080352773167,
    11.590218239258297,
    11.686299473237247,
    11.602960000984725,
    11.564392441796786,
    11.609722498159355,
    11.542173083357213,
    11.814987245194525,
    11.67595946281924
  ],
  "lr_history": [
    0.0,
    6.18033988749895e-08,
    1.23606797749979e-07,
    1.8541019662496848e-07,
    2.47213595499958e-07,
    3.090169943749475e-07,
    3.7082039324993695e-07,
    4.3262379212492646e-07,
    4.94427190999916e-07,
    5.562305898749054e-07,
    6.18033988749895e-07,
    6.798373876248844e-07,
    7.416407864998739e-07,
    8.034441853748634e-07,
    8.652475842498529e-07,
    9.270509831248423e-07,
    9.88854381999832e-07,
    1.0506577808748215e-06,
    1.1124611797498108e-06,
    1.1742645786248003e-06,
    1.23606797749979e-06,
    1.2978713763747795e-06,
    1.3596747752497688e-06,
    1.4214781741247583e-06,
    1.4832815729997478e-06,
    1.5450849718747373e-06,
    1.6068883707497268e-06,
    1.6686917696247163e-06,
    1.7304951684997059e-06,
    1.7922985673746954e-06,
    1.8541019662496847e-06,
    1.9159053651246744e-06,
    1.977708763999664e-06,
    2.0395121628746534e-06,
    2.101315561749643e-06,
    2.1631189606246324e-06,
    2.2249223594996215e-06,
    2.286725758374611e-06,
    2.3485291572496005e-06,
    2.41033255612459e-06,
    2.47213595499958e-06,
    2.5339393538745695e-06,
    2.595742752749559e-06,
    2.657546151624548e-06,
    2.7193495504995376e-06,
    2.781152949374527e-06,
    2.8429563482495166e-06,
    2.904759747124506e-06,
    2.9665631459994956e-06,
    3.028366544874485e-06
  ],
  "started_at": "2026-01-24T07:32:40.610132",
  "updated_at": "2026-01-24T07:33:44.671879",
  "status": "completed"
}