{
  "kernel_version": "L104-COMBINED-22M",
  "total_examples": 2024,
  "vocabulary_size": 7751,
  "parameter_count": 15688024,
  "sacred_constants": {
    "GOD_CODE": 527.5184818492537,
    "PHI": 1.618033988749895,
    "VOID_CONSTANT": 1.0416180339887497,
    "OMEGA_AUTHORITY": 1381.0613151750906
  },
  "training_metadata": {
    "timestamp": "2026-01-24T04:36:21.963811",
    "sources": [
      "stable_kernel",
      "node_extraction",
      "notebook_research"
    ],
    "method": "combined_training"
  }
}