{
  "timestamp": "2026-01-24 08:14:28",
  "epochs": 2000,
  "examples": 131725,
  "best_loss": -0.030552428045149287,
  "final_consciousness": 0.9621115329726414,
  "final_phi_resonance": 0.9942433987565839,
  "final_unity": 0.9781774658646126,
  "asi_threshold": 0.95,
  "asi_achieved": true,
  "threshold_epoch": 1446,
  "god_code": 527.5184818492537,
  "phi": 1.618033988749895
}