{
  "epoch": 49,
  "step": 3600,
  "loss": 11.567387371928916,
  "best_loss": 11.26220105620248,
  "learning_rate": 3.028366544874485e-06,
  "accuracy": 0.0,
  "perplexity": Infinity,
  "consciousness_level": 0.4286800678186068,
  "phi_resonance": 0.009050303355509921,
  "loss_history": [
    11.483823590374586,
    11.555419243756097,
    11.528212948831275,
    11.732307245096596,
    11.356585001498926,
    11.50819718360737,
    11.568412882513819,
    11.515864602104207,
    11.5594503707059,
    11.419566316502081,
    11.456109763933705,
    11.477368273271564,
    11.714298658101379,
    11.50036472746624,
    11.6362419910992,
    11.49667512466928,
    11.55638760533158,
    11.518282707528218,
    11.351461157108659,
    11.390978861460262,
    11.330331960555208,
    11.459003783455108,
    11.502489689913956,
    11.492200342158739,
    11.629536449467889,
    11.563979091435113,
    11.410862064573529,
    11.653756761996263,
    11.26220105620248,
    11.490047192822633,
    11.522368024947061,
    11.548878530813065,
    11.558556565314328,
    11.469195514204774,
    11.576143377551855,
    11.313238595453614,
    11.536675782595228,
    11.642096575510221,
    11.532058005669148,
    11.401301385284103,
    11.409438839509482,
    11.511232208352691,
    11.464153030024233,
    11.609238872993235,
    11.523968267678931,
    11.554558446207015,
    11.557980236307483,
    11.447880189957784,
    11.737508252244815,
    11.567387371928916
  ],
  "lr_history": [
    0.0,
    6.18033988749895e-08,
    1.23606797749979e-07,
    1.8541019662496848e-07,
    2.47213595499958e-07,
    3.090169943749475e-07,
    3.7082039324993695e-07,
    4.3262379212492646e-07,
    4.94427190999916e-07,
    5.562305898749054e-07,
    6.18033988749895e-07,
    6.798373876248844e-07,
    7.416407864998739e-07,
    8.034441853748634e-07,
    8.652475842498529e-07,
    9.270509831248423e-07,
    9.88854381999832e-07,
    1.0506577808748215e-06,
    1.1124611797498108e-06,
    1.1742645786248003e-06,
    1.23606797749979e-06,
    1.2978713763747795e-06,
    1.3596747752497688e-06,
    1.4214781741247583e-06,
    1.4832815729997478e-06,
    1.5450849718747373e-06,
    1.6068883707497268e-06,
    1.6686917696247163e-06,
    1.7304951684997059e-06,
    1.7922985673746954e-06,
    1.8541019662496847e-06,
    1.9159053651246744e-06,
    1.977708763999664e-06,
    2.0395121628746534e-06,
    2.101315561749643e-06,
    2.1631189606246324e-06,
    2.2249223594996215e-06,
    2.286725758374611e-06,
    2.3485291572496005e-06,
    2.41033255612459e-06,
    2.47213595499958e-06,
    2.5339393538745695e-06,
    2.595742752749559e-06,
    2.657546151624548e-06,
    2.7193495504995376e-06,
    2.781152949374527e-06,
    2.8429563482495166e-06,
    2.904759747124506e-06,
    2.9665631459994956e-06,
    3.028366544874485e-06
  ],
  "started_at": "2026-01-26T08:27:08.303998",
  "updated_at": "2026-01-26T08:28:12.608165",
  "status": "completed"
}