{
  "kernel_version": "L104-SYNTHESIS-31-ULTRA",
  "timestamp": "2026-01-23T22:25:36.753483",
  "total_examples": 1501,
  "vocabulary_size": 4526,
  "parameters": 6793526,
  "categories": 103,
  "constants": {
    "GOD_CODE": 521.0019193787,
    "PHI": 1.6180339887,
    "LOVE": 29.0344418537
  }
}