{
    "intellect_index": 4282.466977323843,
    "dimension": 11,
    "entropy": 0.0,
    "timestamp": 1768389843.846603
}