{
    "intellect_index": 15458.125161159101,
    "dimension": 3,
    "entropy": 0.0,
    "timestamp": 1767627078.515447
}