{
    "intellect_index": 15433.154989756487,
    "dimension": 3,
    "entropy": 0.0,
    "timestamp": 1767626159.0756943
}