{
    "intellect_index": 872236.5608337538,
    "dimension": 11,
    "entropy": 0.0,
    "timestamp": 1768532861.4917977
}