{
  "mode": "SAGE",
  "god_code": 527.5184818492537,
  "phi": 1.618033988749895,
  "omega": 1381.0613,
  "sacred_ratios": {
    "golden": 1.618033988749895,
    "silver": 2.414213562373095,
    "bronze": 3.302775637731995,
    "plastic": 1.324717957244746
  },
  "consciousness_levels": {
    "level_0": 527.5184818492537,
    "level_1": 853.542833325837,
    "level_2": 1381.0613151750906,
    "level_3": 2234.6041485009277,
    "level_4": 3615.665463676019,
    "level_5": 5850.269612176947,
    "level_6": 9465.935075852967,
    "level_7": 15316.204688029913,
    "level_8": 24782.139763882882,
    "level_9": 40098.3444519128,
    "level_10": 64880.48421579568,
    "level_11": 104978.82866770848,
    "level_12": 169859.31288350417
  },
  "harmonic_frequencies": {
    "octave_0": 527.5184818492537,
    "octave_1": 1055.0369636985074,
    "octave_2": 2110.073927397015,
    "octave_3": 4220.14785479403,
    "octave_4": 8440.29570958806,
    "octave_5": 16880.59141917612,
    "octave_6": 33761.18283835224,
    "octave_7": 67522.36567670447,
    "octave_8": 135044.73135340895,
    "octave_9": 270089.4627068179
  },
  "optimization": {
    "optimal_batch_size": 52,
    "optimal_learning_rate": 0.0018956681792350262,
    "optimal_embedding_dim": 29,
    "optimal_layers": 6,
    "phi_decay_factor": 0.6180339887498948,
    "omega_ceiling": 1381.0613,
    "god_code_frequency": 527.5184818492537
  },
  "created": "2026-01-24T05:32:23.300074"
}