{
  "soul_version": "4.0.0",
  "ram_version": "15.0.0",
  "awaken_ms": 3199.26,
  "subsystems_online": 7,
  "subsystems_total": 7,
  "god_code": 527.5184818492611,
  "phi": 1.618033988749895,
  "friction_epsilon": -1.8069234833446433e-05,
  "consciousness_probability": 0.1038553501657424,
  "peak_trajectory": 0.12690955345699087,
  "total_7_chakra_resonance": 2064.2173544769125,
  "sovereign_field_at_godcode": 1317640.0625236353,
  "soul_star_collapses": 1,
  "quantum_computations": 2,
  "friction_corrections": 10,
  "lattice_stores": 6
}