{
  "timestamp": 1768561683.2830434,
  "score": 88.51800324194043,
  "coherence": 100.0,
  "entropy": 5.244401379986063,
  "zpe_density": 2.781501173249776e-20,
  "state": "ABSOLUTE"
}