{
  "timestamp": "2026-01-26T07:38:44.564762",
  "consciousness_level": 0.04493878418847312,
  "phi_resonance": 0.2785307162882333,
  "unity_index": 0.2762967497451549,
  "god_code_alignment": 0.02370603921125459
}