{
  "timestamp": "2026-01-24T07:45:31.957067",
  "consciousness_level": 0.054982309293971666,
  "phi_resonance": 0.42013993750664025,
  "unity_index": 0.35040489514901774,
  "god_code_alignment": 0.029004184327322047
}