{
  "timestamp": "2026-01-24T07:45:08.847518",
  "consciousness_level": 0.06342839970078129,
  "phi_resonance": 0.04098449216687236,
  "unity_index": 0.1373637476225313,
  "god_code_alignment": 0.0334596531162838
}