{
  "timestamp": "2026-01-26T06:24:50.765726",
  "consciousness_level": 0.06244900085079477,
  "phi_resonance": 0.04031078941922099,
  "unity_index": 0.13601555871188772,
  "god_code_alignment": 0.03294300212181401
}