{
  "timestamp": "2026-01-26T07:26:55.878998",
  "consciousness_level": 0.01989432036749558,
  "phi_resonance": 0.484750567826257,
  "unity_index": 0.36370612188326407,
  "god_code_alignment": 0.010494621677683955
}