{
  "timestamp": "2026-01-26T06:24:48.840534",
  "consciousness_level": 0.006308543016318406,
  "phi_resonance": 0.21128748361282607,
  "unity_index": 0.2162525387827488,
  "god_code_alignment": 0.003327873034648997
}