{
  "timestamp": "2026-01-26T07:27:20.882109",
  "consciousness_level": 0.013297955758991556,
  "phi_resonance": 0.39738561820901536,
  "unity_index": 0.320221014203952,
  "god_code_alignment": 0.007014917433681766
}