{
  "timestamp": "2026-01-24T07:45:07.900635",
  "consciousness_level": 0.03279228159521356,
  "phi_resonance": 0.3489031433434964,
  "unity_index": 0.30605698408167387,
  "god_code_alignment": 0.01729853460348028
}