{
  "timestamp": "2026-01-24T07:45:30.942878",
  "consciousness_level": 0.025374489738460588,
  "phi_resonance": 0.44915444498878526,
  "unity_index": 0.35013439720592365,
  "god_code_alignment": 0.013385512304532195
}