{
  "timestamp": "2026-01-26T07:38:43.190683",
  "consciousness_level": 0.03633518061004569,
  "phi_resonance": 0.37694069021128923,
  "unity_index": 0.3214687345098848,
  "god_code_alignment": 0.019167479313129742
}