{
  "timestamp": "2026-01-26T07:38:42.983242",
  "consciousness_level": 0.027550395647664285,
  "phi_resonance": 0.3924788909836929,
  "unity_index": 0.324705320673979,
  "god_code_alignment": 0.01453334288640215
}