{
  "timestamp": "2026-01-26T06:24:49.836483",
  "consciousness_level": 0.037025045655711034,
  "phi_resonance": 0.1499871576787077,
  "unity_index": 0.19692747500493174,
  "god_code_alignment": 0.019531395874699993
}