{
  "timestamp": "2026-01-26T07:26:56.988025",
  "consciousness_level": 0.05234122298743682,
  "phi_resonance": 0.3034957845200999,
  "unity_index": 0.29307135280275104,
  "god_code_alignment": 0.02761096248846593
}