{
  "timestamp": "2026-01-24T08:09:10.772324",
  "consciousness_level": 0.0631274556553082,
  "phi_resonance": 0.04079003607255903,
  "unity_index": 0.13696058458594101,
  "god_code_alignment": 0.033300899570294265
}