{
  "timestamp": "2026-01-26T07:27:21.878342",
  "consciousness_level": 0.045980884322714285,
  "phi_resonance": 0.09614117135773337,
  "unity_index": 0.1662001565154754,
  "god_code_alignment": 0.02425576629200439
}