{
  "timestamp": "2026-01-24T07:45:32.131895",
  "consciousness_level": 0.06296417905884735,
  "phi_resonance": 0.040684534303316054,
  "unity_index": 0.13674154210721912,
  "god_code_alignment": 0.03321476814800773
}