{
  "timestamp": "2026-01-26T07:26:57.419339",
  "consciousness_level": 0.06485323988468181,
  "phi_resonance": 0.0418724978784763,
  "unity_index": 0.13923638843261676,
  "god_code_alignment": 0.03421128264697282
}