{
  "timestamp": "2026-01-24T08:09:08.910992",
  "consciousness_level": 0.00630356543474042,
  "phi_resonance": 0.21163896812025235,
  "unity_index": 0.21646530492982682,
  "god_code_alignment": 0.0033252472683716968
}