{
  "timestamp": "2026-01-26T07:27:22.505541",
  "consciousness_level": 0.06523810525546966,
  "phi_resonance": 0.04212098622617441,
  "unity_index": 0.1397464834899233,
  "god_code_alignment": 0.034414306243087174
}