{
  "timestamp": "2026-01-24T08:09:09.973991",
  "consciousness_level": 0.03828556815864824,
  "phi_resonance": 0.15544224977196228,
  "unity_index": 0.20126852032836026,
  "god_code_alignment": 0.020196344791786246
}